,Expected Returns,Standard Deviations
0,0.0004121099622452403,0.011061582090002464
1,0.0004294031411982627,0.011063121937469904
2,0.00044669632015128505,0.011067740195808699
3,0.0004639894991043074,0.011075433014091978
4,0.00048128267805732977,0.011086193991920068
5,0.0004985758570103521,0.01110001420595748
6,0.0005158690359633745,0.011116882246725397
7,0.0005331622149163969,0.011136784265297855
8,0.0005504553938694192,0.011159704029459774
9,0.0005677485728224416,0.011185622988802308
10,0.0005850417517754639,0.011214520348157196
11,0.0006023349307284863,0.011246373148707458
12,0.0006196281096815087,0.011281156356058168
13,0.000636921288634531,0.011318842954508303
14,0.0006542144675875534,0.011360393590176624
15,0.0006715076465405757,0.011407316641775434
16,0.0006888008254935981,0.011459564946869151
17,0.0007060940044466205,0.011517066030073901
18,0.0007233871833996428,0.011579741641091868
19,0.0007406803623526652,0.011647508247328114
20,0.0007579735413056876,0.011720277540762448
21,0.0007752667202587099,0.011797956952676521
22,0.0007925598992117323,0.011880450170162031
23,0.0008098530781647546,0.011967657648762406
24,0.000827146257117777,0.012059477116112634
25,0.0008444394360707994,0.012155804062006429
26,0.0008617326150238217,0.012256532210928357
27,0.0008790257939768441,0.012361553973709838
28,0.0008963189729298665,0.01247076087558988
29,0.0009136121518828888,0.012584043958566334
30,0.0009309053308359112,0.012701294156498422
31,0.0009481985097889335,0.012822402641956653
32,0.0009654916887419559,0.012947261144303746
33,0.0009827848676949784,0.013075762238925993
34,0.0010000780466480007,0.01320858754996128
35,0.001017371225601023,0.013355518751387716
36,0.0010346644045540455,0.013519065717550034
37,0.0010519575835070678,0.013698633338231053
38,0.0010692507624600902,0.013893600451223757
39,0.0010865439414131125,0.01410336802454164
40,0.001103837120366135,0.014330675852710787
41,0.0011211302993191573,0.014576850059490064
42,0.0011384234782721796,0.014840951836719424
43,0.001155716657225202,0.015122041915177289
44,0.0011730098361782243,0.015419191238535008
45,0.0011903030151312467,0.015746958060988796
46,0.001207596194084269,0.01621390463896037
47,0.0012248893730372914,0.016840505984148192
48,0.0012421825519903138,0.017770322187755663
49,0.0012594757309433362,0.019010313931720934
